"LOCATION","INDICATOR","SUBJECT","MEASURE","FREQUENCY","TIME","Value","Flag Codes"
"AUS","GGNLEND","TOT","PC_GDP","A","2000",-1.23047933640386,
"AUS","GGNLEND","TOT","PC_GDP","A","2001",-0.798601485788713,
"AUS","GGNLEND","TOT","PC_GDP","A","2002",0.720309556997757,
"AUS","GGNLEND","TOT","PC_GDP","A","2003",0.820027551251722,
"AUS","GGNLEND","TOT","PC_GDP","A","2004",0.973786348757044,
"AUS","GGNLEND","TOT","PC_GDP","A","2005",1.69254578852066,
"AUS","GGNLEND","TOT","PC_GDP","A","2006",1.64282192702358,
"AUS","GGNLEND","TOT","PC_GDP","A","2007",0.70815156791017,
"AUS","GGNLEND","TOT","PC_GDP","A","2008",-3.7537093638888,
"AUS","GGNLEND","TOT","PC_GDP","A","2009",-5.50005042033625,
"AUS","GGNLEND","TOT","PC_GDP","A","2010",-4.38468158043415,
"AUS","GGNLEND","TOT","PC_GDP","A","2011",-4.56360235168359,
"AUS","GGNLEND","TOT","PC_GDP","A","2012",-2.85934641647793,
"AUS","GGNLEND","TOT","PC_GDP","A","2013",-2.83423237346595,
"AUS","GGNLEND","TOT","PC_GDP","A","2014",-2.36313713300325,
"AUS","GGNLEND","TOT","PC_GDP","A","2015",-2.24143831902068,
"AUS","GGNLEND","TOT","PC_GDP","A","2016",-1.4409103653908,
"AUT","GGNLEND","TOT","PC_GDP","A","2000",-2.40466955871376,
"AUT","GGNLEND","TOT","PC_GDP","A","2001",-0.661575545058186,
"AUT","GGNLEND","TOT","PC_GDP","A","2002",-1.38117492289023,
"AUT","GGNLEND","TOT","PC_GDP","A","2003",-1.78642545239967,
"AUT","GGNLEND","TOT","PC_GDP","A","2004",-4.80498601475414,
"AUT","GGNLEND","TOT","PC_GDP","A","2005",-2.50835353635499,
"AUT","GGNLEND","TOT","PC_GDP","A","2006",-2.5354406589839,
"AUT","GGNLEND","TOT","PC_GDP","A","2007",-1.35460859868813,
"AUT","GGNLEND","TOT","PC_GDP","A","2008",-1.49526533239112,
"AUT","GGNLEND","TOT","PC_GDP","A","2009",-5.3297096742366,
"AUT","GGNLEND","TOT","PC_GDP","A","2010",-4.44127719733485,
"AUT","GGNLEND","TOT","PC_GDP","A","2011",-2.55356276972273,
"AUT","GGNLEND","TOT","PC_GDP","A","2012",-2.18905804256567,
"AUT","GGNLEND","TOT","PC_GDP","A","2013",-1.95007752148589,
"AUT","GGNLEND","TOT","PC_GDP","A","2014",-2.72982900332676,
"AUT","GGNLEND","TOT","PC_GDP","A","2015",-1.04555919062198,
"AUT","GGNLEND","TOT","PC_GDP","A","2016",-1.59143476257874,
"AUT","GGNLEND","TOT","PC_GDP","A","2017",-0.701233569594889,
"BEL","GGNLEND","TOT","PC_GDP","A","2000",-0.071914863954272,
"BEL","GGNLEND","TOT","PC_GDP","A","2001",0.171903664719754,
"BEL","GGNLEND","TOT","PC_GDP","A","2002",0.045298367550082,
"BEL","GGNLEND","TOT","PC_GDP","A","2003",-1.76102520375111,
"BEL","GGNLEND","TOT","PC_GDP","A","2004",-0.156874140472993,
"BEL","GGNLEND","TOT","PC_GDP","A","2005",-2.76119747990887,
"BEL","GGNLEND","TOT","PC_GDP","A","2006",0.219339800974769,
"BEL","GGNLEND","TOT","PC_GDP","A","2007",0.065474852231932,
"BEL","GGNLEND","TOT","PC_GDP","A","2008",-1.10324095034286,
"BEL","GGNLEND","TOT","PC_GDP","A","2009",-5.38306118078072,
"BEL","GGNLEND","TOT","PC_GDP","A","2010",-4.00139139771104,
"BEL","GGNLEND","TOT","PC_GDP","A","2011",-4.12860456288909,
"BEL","GGNLEND","TOT","PC_GDP","A","2012",-4.23468277814638,
"BEL","GGNLEND","TOT","PC_GDP","A","2013",-3.13763732356493,
"BEL","GGNLEND","TOT","PC_GDP","A","2014",-3.07895661176123,
"BEL","GGNLEND","TOT","PC_GDP","A","2015",-2.48014790154451,
"BEL","GGNLEND","TOT","PC_GDP","A","2016",-2.48016539005939,
"BEL","GGNLEND","TOT","PC_GDP","A","2017",-1.03141592657986,
"CAN","GGNLEND","TOT","PC_GDP","A","2000",2.6485422449609,
"CAN","GGNLEND","TOT","PC_GDP","A","2001",0.531343571488069,
"CAN","GGNLEND","TOT","PC_GDP","A","2002",-0.234729942864445,
"CAN","GGNLEND","TOT","PC_GDP","A","2003",-0.127407893210911,
"CAN","GGNLEND","TOT","PC_GDP","A","2004",0.770295182161965,
"CAN","GGNLEND","TOT","PC_GDP","A","2005",1.55812023474483,
"CAN","GGNLEND","TOT","PC_GDP","A","2006",1.83298965894142,
"CAN","GGNLEND","TOT","PC_GDP","A","2007",1.82443064392717,
"CAN","GGNLEND","TOT","PC_GDP","A","2008",0.18494509423609,
"CAN","GGNLEND","TOT","PC_GDP","A","2009",-3.89118042064229,
"CAN","GGNLEND","TOT","PC_GDP","A","2010",-4.74872603225981,
"CAN","GGNLEND","TOT","PC_GDP","A","2011",-3.31647570710783,
"CAN","GGNLEND","TOT","PC_GDP","A","2012",-2.53060113846329,
"CAN","GGNLEND","TOT","PC_GDP","A","2013",-1.87280207806882,
"CAN","GGNLEND","TOT","PC_GDP","A","2014",0.175009031832751,
"CAN","GGNLEND","TOT","PC_GDP","A","2015",-0.129679970685409,
"CAN","GGNLEND","TOT","PC_GDP","A","2016",-1.09687714013125,
"CAN","GGNLEND","TOT","PC_GDP","A","2017",-0.970390249930633,
"CZE","GGNLEND","TOT","PC_GDP","A","2000",-3.57452509946865,
"CZE","GGNLEND","TOT","PC_GDP","A","2001",-5.48497085047009,
"CZE","GGNLEND","TOT","PC_GDP","A","2002",-6.3562874117519,
"CZE","GGNLEND","TOT","PC_GDP","A","2003",-6.88454452099394,
"CZE","GGNLEND","TOT","PC_GDP","A","2004",-2.38126803298281,
"CZE","GGNLEND","TOT","PC_GDP","A","2005",-2.99133427322048,
"CZE","GGNLEND","TOT","PC_GDP","A","2006",-2.17151683643637,
"CZE","GGNLEND","TOT","PC_GDP","A","2007",-0.653521754675704,
"CZE","GGNLEND","TOT","PC_GDP","A","2008",-1.97968896033589,
"CZE","GGNLEND","TOT","PC_GDP","A","2009",-5.45009437949079,
"CZE","GGNLEND","TOT","PC_GDP","A","2010",-4.18974153456031,
"CZE","GGNLEND","TOT","PC_GDP","A","2011",-2.72440939025796,
"CZE","GGNLEND","TOT","PC_GDP","A","2012",-3.92993739765788,
"CZE","GGNLEND","TOT","PC_GDP","A","2013",-1.24761842480274,
"CZE","GGNLEND","TOT","PC_GDP","A","2014",-2.09933772838681,
"CZE","GGNLEND","TOT","PC_GDP","A","2015",-0.607709284794343,
"CZE","GGNLEND","TOT","PC_GDP","A","2016",0.725754414192456,
"CZE","GGNLEND","TOT","PC_GDP","A","2017",1.59871200379466,
"DNK","GGNLEND","TOT","PC_GDP","A","2000",1.88731430569623,
"DNK","GGNLEND","TOT","PC_GDP","A","2001",1.14055438978189,
"DNK","GGNLEND","TOT","PC_GDP","A","2002",-0.015387113540589,
"DNK","GGNLEND","TOT","PC_GDP","A","2003",-0.13314763657725,
"DNK","GGNLEND","TOT","PC_GDP","A","2004",2.0731725941749,
"DNK","GGNLEND","TOT","PC_GDP","A","2005",4.95503107219241,
"DNK","GGNLEND","TOT","PC_GDP","A","2006",4.98710068598195,
"DNK","GGNLEND","TOT","PC_GDP","A","2007",5.02045898283056,
"DNK","GGNLEND","TOT","PC_GDP","A","2008",3.17390797515362,
"DNK","GGNLEND","TOT","PC_GDP","A","2009",-2.79814161774022,
"DNK","GGNLEND","TOT","PC_GDP","A","2010",-2.71027087799281,
"DNK","GGNLEND","TOT","PC_GDP","A","2011",-2.05576618400805,
"DNK","GGNLEND","TOT","PC_GDP","A","2012",-3.49044486496584,
"DNK","GGNLEND","TOT","PC_GDP","A","2013",-1.23564720935162,
"DNK","GGNLEND","TOT","PC_GDP","A","2014",1.1444276473691,
"DNK","GGNLEND","TOT","PC_GDP","A","2015",-1.47101190464445,
"DNK","GGNLEND","TOT","PC_GDP","A","2016",-0.40876840909949,
"DNK","GGNLEND","TOT","PC_GDP","A","2017",1.00042189273669,
"FIN","GGNLEND","TOT","PC_GDP","A","2000",6.8552263670456,
"FIN","GGNLEND","TOT","PC_GDP","A","2001",4.98279526714069,
"FIN","GGNLEND","TOT","PC_GDP","A","2002",4.07110439749408,
"FIN","GGNLEND","TOT","PC_GDP","A","2003",2.44179218705672,
"FIN","GGNLEND","TOT","PC_GDP","A","2004",2.20978438511582,
"FIN","GGNLEND","TOT","PC_GDP","A","2005",2.59327075741999,
"FIN","GGNLEND","TOT","PC_GDP","A","2006",3.93131495707185,
"FIN","GGNLEND","TOT","PC_GDP","A","2007",5.1328088153325,
"FIN","GGNLEND","TOT","PC_GDP","A","2008",4.18045438823815,
"FIN","GGNLEND","TOT","PC_GDP","A","2009",-2.52832419115169,
"FIN","GGNLEND","TOT","PC_GDP","A","2010",-2.6098343132015,
"FIN","GGNLEND","TOT","PC_GDP","A","2011",-1.04434928810529,
"FIN","GGNLEND","TOT","PC_GDP","A","2012",-2.18325967376234,
"FIN","GGNLEND","TOT","PC_GDP","A","2013",-2.61387443566869,
"FIN","GGNLEND","TOT","PC_GDP","A","2014",-3.21062518858834,
"FIN","GGNLEND","TOT","PC_GDP","A","2015",-2.75853514245911,
"FIN","GGNLEND","TOT","PC_GDP","A","2016",-1.79216120645308,
"FIN","GGNLEND","TOT","PC_GDP","A","2017",-0.572203183579245,
"FRA","GGNLEND","TOT","PC_GDP","A","2000",-1.3124594779651,
"FRA","GGNLEND","TOT","PC_GDP","A","2001",-1.37353370938912,
"FRA","GGNLEND","TOT","PC_GDP","A","2002",-3.14754378052751,
"FRA","GGNLEND","TOT","PC_GDP","A","2003",-3.99893003582426,
"FRA","GGNLEND","TOT","PC_GDP","A","2004",-3.57642217493979,
"FRA","GGNLEND","TOT","PC_GDP","A","2005",-3.34405957636043,
"FRA","GGNLEND","TOT","PC_GDP","A","2006",-2.43693973938995,
"FRA","GGNLEND","TOT","PC_GDP","A","2007",-2.63045634665694,
"FRA","GGNLEND","TOT","PC_GDP","A","2008",-3.25806047548663,
"FRA","GGNLEND","TOT","PC_GDP","A","2009",-7.16517699432238,
"FRA","GGNLEND","TOT","PC_GDP","A","2010",-6.87572211094326,
"FRA","GGNLEND","TOT","PC_GDP","A","2011",-5.15247047031881,
"FRA","GGNLEND","TOT","PC_GDP","A","2012",-4.9854594957471,
"FRA","GGNLEND","TOT","PC_GDP","A","2013",-4.08782672168286,
"FRA","GGNLEND","TOT","PC_GDP","A","2014",-3.9085792618675,
"FRA","GGNLEND","TOT","PC_GDP","A","2015",-3.6320954424829,"E"
"FRA","GGNLEND","TOT","PC_GDP","A","2016",-3.40708264370482,"E"
"FRA","GGNLEND","TOT","PC_GDP","A","2017",-2.59402527449037,"E"
"DEU","GGNLEND","TOT","PC_GDP","A","2000",0.858926141517992,
"DEU","GGNLEND","TOT","PC_GDP","A","2001",-3.11159024703535,
"DEU","GGNLEND","TOT","PC_GDP","A","2002",-3.9442083203201,
"DEU","GGNLEND","TOT","PC_GDP","A","2003",-4.17561529314259,
"DEU","GGNLEND","TOT","PC_GDP","A","2004",-3.740784455347,
"DEU","GGNLEND","TOT","PC_GDP","A","2005",-3.41693975296194,
"DEU","GGNLEND","TOT","PC_GDP","A","2006",-1.72150840906717,
"DEU","GGNLEND","TOT","PC_GDP","A","2007",0.18724907787986,
"DEU","GGNLEND","TOT","PC_GDP","A","2008",-0.176871969833004,
"DEU","GGNLEND","TOT","PC_GDP","A","2009",-3.23499764254475,
"DEU","GGNLEND","TOT","PC_GDP","A","2010",-4.22098710882693,
"DEU","GGNLEND","TOT","PC_GDP","A","2011",-0.956783272662701,
"DEU","GGNLEND","TOT","PC_GDP","A","2012",-0.033680653745477,
"DEU","GGNLEND","TOT","PC_GDP","A","2013",-0.140363168025362,
"DEU","GGNLEND","TOT","PC_GDP","A","2014",0.528803363717276,
"DEU","GGNLEND","TOT","PC_GDP","A","2015",0.835575706799402,
"DEU","GGNLEND","TOT","PC_GDP","A","2016",1.0134698875654,
"DEU","GGNLEND","TOT","PC_GDP","A","2017",1.26296597055173,
"GRC","GGNLEND","TOT","PC_GDP","A","2000",-4.06308720049148,
"GRC","GGNLEND","TOT","PC_GDP","A","2001",-5.46605574492258,
"GRC","GGNLEND","TOT","PC_GDP","A","2002",-6.02407559052943,
"GRC","GGNLEND","TOT","PC_GDP","A","2003",-7.83042345221338,
"GRC","GGNLEND","TOT","PC_GDP","A","2004",-8.82787977070417,
"GRC","GGNLEND","TOT","PC_GDP","A","2005",-6.18794265451324,
"GRC","GGNLEND","TOT","PC_GDP","A","2006",-5.94597758004825,
"GRC","GGNLEND","TOT","PC_GDP","A","2007",-6.70707463437705,
"GRC","GGNLEND","TOT","PC_GDP","A","2008",-10.1760239361008,
"GRC","GGNLEND","TOT","PC_GDP","A","2009",-15.1413997680423,
"GRC","GGNLEND","TOT","PC_GDP","A","2010",-11.1971145223195,
"GRC","GGNLEND","TOT","PC_GDP","A","2011",-10.2787591094849,"E"
"GRC","GGNLEND","TOT","PC_GDP","A","2012",-8.86540457413795,"E"
"GRC","GGNLEND","TOT","PC_GDP","A","2013",-13.1549612290687,"E"
"GRC","GGNLEND","TOT","PC_GDP","A","2014",-3.61587781224945,"E"
"GRC","GGNLEND","TOT","PC_GDP","A","2015",-5.66609252726394,"E"
"GRC","GGNLEND","TOT","PC_GDP","A","2016",0.62801643112002,"E"
"GRC","GGNLEND","TOT","PC_GDP","A","2017",0.818070465162458,"E"
"HUN","GGNLEND","TOT","PC_GDP","A","2000",-3.02665738032613,
"HUN","GGNLEND","TOT","PC_GDP","A","2001",-4.04899522891493,
"HUN","GGNLEND","TOT","PC_GDP","A","2002",-8.82655182485096,
"HUN","GGNLEND","TOT","PC_GDP","A","2003",-7.11620165779487,
"HUN","GGNLEND","TOT","PC_GDP","A","2004",-6.53544033319386,
"HUN","GGNLEND","TOT","PC_GDP","A","2005",-7.7709544554315,
"HUN","GGNLEND","TOT","PC_GDP","A","2006",-9.27291910522824,
"HUN","GGNLEND","TOT","PC_GDP","A","2007",-5.02470111814489,
"HUN","GGNLEND","TOT","PC_GDP","A","2008",-3.68095395870283,
"HUN","GGNLEND","TOT","PC_GDP","A","2009",-4.53878135695051,
"HUN","GGNLEND","TOT","PC_GDP","A","2010",-4.47419629578382,
"HUN","GGNLEND","TOT","PC_GDP","A","2011",-5.41410830859266,
"HUN","GGNLEND","TOT","PC_GDP","A","2012",-2.39935187941627,
"HUN","GGNLEND","TOT","PC_GDP","A","2013",-2.61675037227564,
"HUN","GGNLEND","TOT","PC_GDP","A","2014",-2.59872913092969,
"HUN","GGNLEND","TOT","PC_GDP","A","2015",-1.90593300161315,
"HUN","GGNLEND","TOT","PC_GDP","A","2016",-1.66412703216685,
"HUN","GGNLEND","TOT","PC_GDP","A","2017",-1.95457062500376,
"ISL","GGNLEND","TOT","PC_GDP","A","2000",1.2335766915434,
"ISL","GGNLEND","TOT","PC_GDP","A","2001",-0.975029243451369,
"ISL","GGNLEND","TOT","PC_GDP","A","2002",-2.79451534228269,
"ISL","GGNLEND","TOT","PC_GDP","A","2003",-3.12463195359301,
"ISL","GGNLEND","TOT","PC_GDP","A","2004",-0.32535486083763,
"ISL","GGNLEND","TOT","PC_GDP","A","2005",4.47820594554372,
"ISL","GGNLEND","TOT","PC_GDP","A","2006",5.8635062686215,
"ISL","GGNLEND","TOT","PC_GDP","A","2007",4.91124462174971,
"ISL","GGNLEND","TOT","PC_GDP","A","2008",-13.0299833493049,
"ISL","GGNLEND","TOT","PC_GDP","A","2009",-9.63692130473557,
"ISL","GGNLEND","TOT","PC_GDP","A","2010",-9.72057373224502,
"ISL","GGNLEND","TOT","PC_GDP","A","2011",-5.56327450069775,
"ISL","GGNLEND","TOT","PC_GDP","A","2012",-3.71769845037626,
"ISL","GGNLEND","TOT","PC_GDP","A","2013",-1.83177952095309,
"ISL","GGNLEND","TOT","PC_GDP","A","2014",-0.074063267332838,
"ISL","GGNLEND","TOT","PC_GDP","A","2015",-0.812521870288309,
"ISL","GGNLEND","TOT","PC_GDP","A","2016",12.5710105425953,
"ISL","GGNLEND","TOT","PC_GDP","A","2017",1.51337402563256,
"IRL","GGNLEND","TOT","PC_GDP","A","2000",4.86682077729108,
"IRL","GGNLEND","TOT","PC_GDP","A","2001",0.969762218885883,
"IRL","GGNLEND","TOT","PC_GDP","A","2002",-0.492855123277773,
"IRL","GGNLEND","TOT","PC_GDP","A","2003",0.389669696209605,
"IRL","GGNLEND","TOT","PC_GDP","A","2004",1.34141625654095,
"IRL","GGNLEND","TOT","PC_GDP","A","2005",1.61656160073913,
"IRL","GGNLEND","TOT","PC_GDP","A","2006",2.82219480291886,
"IRL","GGNLEND","TOT","PC_GDP","A","2007",0.316665562890064,
"IRL","GGNLEND","TOT","PC_GDP","A","2008",-6.95546250224427,
"IRL","GGNLEND","TOT","PC_GDP","A","2009",-13.796242024399,
"IRL","GGNLEND","TOT","PC_GDP","A","2010",-32.0509657140556,
"IRL","GGNLEND","TOT","PC_GDP","A","2011",-12.7234423043861,
"IRL","GGNLEND","TOT","PC_GDP","A","2012",-8.03441513505866,
"IRL","GGNLEND","TOT","PC_GDP","A","2013",-6.10333054757927,
"IRL","GGNLEND","TOT","PC_GDP","A","2014",-3.63028842407281,
"IRL","GGNLEND","TOT","PC_GDP","A","2015",-1.88968804952789,
"IRL","GGNLEND","TOT","PC_GDP","A","2016",-0.516048541353449,
"IRL","GGNLEND","TOT","PC_GDP","A","2017",-0.342246757085606,
"ITA","GGNLEND","TOT","PC_GDP","A","2000",-2.43845894946066,
"ITA","GGNLEND","TOT","PC_GDP","A","2001",-3.39320444484068,
"ITA","GGNLEND","TOT","PC_GDP","A","2002",-2.99518306736647,
"ITA","GGNLEND","TOT","PC_GDP","A","2003",-3.33908675110893,
"ITA","GGNLEND","TOT","PC_GDP","A","2004",-3.49643083186276,
"ITA","GGNLEND","TOT","PC_GDP","A","2005",-4.10518582114624,
"ITA","GGNLEND","TOT","PC_GDP","A","2006",-3.52314737857299,
"ITA","GGNLEND","TOT","PC_GDP","A","2007",-1.46481863138461,
"ITA","GGNLEND","TOT","PC_GDP","A","2008",-2.63100688980454,
"ITA","GGNLEND","TOT","PC_GDP","A","2009",-5.24821278289617,
"ITA","GGNLEND","TOT","PC_GDP","A","2010",-4.21143592033603,
"ITA","GGNLEND","TOT","PC_GDP","A","2011",-3.67831234527512,
"ITA","GGNLEND","TOT","PC_GDP","A","2012",-2.91818145190034,
"ITA","GGNLEND","TOT","PC_GDP","A","2013",-2.92241220875669,
"ITA","GGNLEND","TOT","PC_GDP","A","2014",-2.98589146858556,
"ITA","GGNLEND","TOT","PC_GDP","A","2015",-2.5757246528744,
"ITA","GGNLEND","TOT","PC_GDP","A","2016",-2.47705446705939,
"ITA","GGNLEND","TOT","PC_GDP","A","2017",-2.31173614232388,
"JPN","GGNLEND","TOT","PC_GDP","A","2005",-4.41002738237332,
"JPN","GGNLEND","TOT","PC_GDP","A","2006",-2.97079200432281,
"JPN","GGNLEND","TOT","PC_GDP","A","2007",-2.7563335052386,
"JPN","GGNLEND","TOT","PC_GDP","A","2008",-4.11942639716836,
"JPN","GGNLEND","TOT","PC_GDP","A","2009",-9.77644580909947,
"JPN","GGNLEND","TOT","PC_GDP","A","2010",-9.14602644248401,
"JPN","GGNLEND","TOT","PC_GDP","A","2011",-9.08806013733991,
"JPN","GGNLEND","TOT","PC_GDP","A","2012",-8.30251585389605,
"JPN","GGNLEND","TOT","PC_GDP","A","2013",-7.64182523953864,
"JPN","GGNLEND","TOT","PC_GDP","A","2014",-5.38301068740319,
"JPN","GGNLEND","TOT","PC_GDP","A","2015",-3.55152336772899,
"JPN","GGNLEND","TOT","PC_GDP","A","2016",-3.42300004940144,
"KOR","GGNLEND","TOT","PC_GDP","A","2000",4.35863841787096,
"KOR","GGNLEND","TOT","PC_GDP","A","2001",2.96508874544459,
"KOR","GGNLEND","TOT","PC_GDP","A","2002",3.51456002574485,
"KOR","GGNLEND","TOT","PC_GDP","A","2003",-1.96383025452843,
"KOR","GGNLEND","TOT","PC_GDP","A","2004",0.231349705850156,
"KOR","GGNLEND","TOT","PC_GDP","A","2005",1.55166795988638,
"KOR","GGNLEND","TOT","PC_GDP","A","2006",2.33365691752826,
"KOR","GGNLEND","TOT","PC_GDP","A","2007",4.23612457055198,
"KOR","GGNLEND","TOT","PC_GDP","A","2008",2.33807898326489,
"KOR","GGNLEND","TOT","PC_GDP","A","2009",-1.31678364946387,
"KOR","GGNLEND","TOT","PC_GDP","A","2010",0.973446781337034,
"KOR","GGNLEND","TOT","PC_GDP","A","2011",0.975147090714132,
"KOR","GGNLEND","TOT","PC_GDP","A","2012",1.01264163149375,
"KOR","GGNLEND","TOT","PC_GDP","A","2013",1.33575581130976,
"KOR","GGNLEND","TOT","PC_GDP","A","2014",1.26894977946332,
"KOR","GGNLEND","TOT","PC_GDP","A","2015",1.28163759916973,
"KOR","GGNLEND","TOT","PC_GDP","A","2016",2.11159067016042,
"LUX","GGNLEND","TOT","PC_GDP","A","2000",5.88840646291833,
"LUX","GGNLEND","TOT","PC_GDP","A","2001",5.90940709562977,
"LUX","GGNLEND","TOT","PC_GDP","A","2002",2.4408330504384,
"LUX","GGNLEND","TOT","PC_GDP","A","2003",0.185964527743655,
"LUX","GGNLEND","TOT","PC_GDP","A","2004",-1.28309737214184,
"LUX","GGNLEND","TOT","PC_GDP","A","2005",0.077619689494603,
"LUX","GGNLEND","TOT","PC_GDP","A","2006",1.93590684221058,
"LUX","GGNLEND","TOT","PC_GDP","A","2007",4.15120190174683,
"LUX","GGNLEND","TOT","PC_GDP","A","2008",3.3198717780764,
"LUX","GGNLEND","TOT","PC_GDP","A","2009",-0.674725529178424,
"LUX","GGNLEND","TOT","PC_GDP","A","2010",-0.658248886226059,
"LUX","GGNLEND","TOT","PC_GDP","A","2011",0.512850261762832,
"LUX","GGNLEND","TOT","PC_GDP","A","2012",0.344962078994435,
"LUX","GGNLEND","TOT","PC_GDP","A","2013",0.975437840702149,
"LUX","GGNLEND","TOT","PC_GDP","A","2014",1.32607806483465,
"LUX","GGNLEND","TOT","PC_GDP","A","2015",1.36262923998868,
"LUX","GGNLEND","TOT","PC_GDP","A","2016",1.61440875036603,
"LUX","GGNLEND","TOT","PC_GDP","A","2017",1.51544190699055,
"MEX","GGNLEND","TOT","PC_GDP","A","2003",-1.31360403760937,
"MEX","GGNLEND","TOT","PC_GDP","A","2004",-0.852535880078323,
"MEX","GGNLEND","TOT","PC_GDP","A","2005",-0.720344398183545,
"MEX","GGNLEND","TOT","PC_GDP","A","2006",-0.970873747503187,
"MEX","GGNLEND","TOT","PC_GDP","A","2007",-0.710617727732453,
"MEX","GGNLEND","TOT","PC_GDP","A","2008",-0.934753490701419,
"MEX","GGNLEND","TOT","PC_GDP","A","2009",-3.08037741707029,
"MEX","GGNLEND","TOT","PC_GDP","A","2010",-2.97038602847009,
"MEX","GGNLEND","TOT","PC_GDP","A","2011",-5.29623913170373,
"MEX","GGNLEND","TOT","PC_GDP","A","2012",-4.72294595312328,
"MEX","GGNLEND","TOT","PC_GDP","A","2013",-4.54574857716088,
"MEX","GGNLEND","TOT","PC_GDP","A","2014",-4.21242251834985,
"MEX","GGNLEND","TOT","PC_GDP","A","2015",-5.15993517883255,
"MEX","GGNLEND","TOT","PC_GDP","A","2016",-2.70095002715648,"E"
"NLD","GGNLEND","TOT","PC_GDP","A","2000",1.8792084113547,
"NLD","GGNLEND","TOT","PC_GDP","A","2001",-0.348230318693675,
"NLD","GGNLEND","TOT","PC_GDP","A","2002",-2.07947001118299,
"NLD","GGNLEND","TOT","PC_GDP","A","2003",-3.01635578116766,
"NLD","GGNLEND","TOT","PC_GDP","A","2004",-1.7227196295752,
"NLD","GGNLEND","TOT","PC_GDP","A","2005",-0.25604416349437,
"NLD","GGNLEND","TOT","PC_GDP","A","2006",0.210458346857455,
"NLD","GGNLEND","TOT","PC_GDP","A","2007",0.211648839029481,
"NLD","GGNLEND","TOT","PC_GDP","A","2008",0.223730097017506,
"NLD","GGNLEND","TOT","PC_GDP","A","2009",-5.4309032613272,
"NLD","GGNLEND","TOT","PC_GDP","A","2010",-4.9915124336513,
"NLD","GGNLEND","TOT","PC_GDP","A","2011",-4.2884984189545,
"NLD","GGNLEND","TOT","PC_GDP","A","2012",-3.88490368340453,
"NLD","GGNLEND","TOT","PC_GDP","A","2013",-2.37411681077537,
"NLD","GGNLEND","TOT","PC_GDP","A","2014",-2.26663931656933,
"NLD","GGNLEND","TOT","PC_GDP","A","2015",-2.05118976029216,
"NLD","GGNLEND","TOT","PC_GDP","A","2016",0.366189846593068,"E"
"NLD","GGNLEND","TOT","PC_GDP","A","2017",1.09306461820483,"E"
"NOR","GGNLEND","TOT","PC_GDP","A","2000",15.1021363683992,
"NOR","GGNLEND","TOT","PC_GDP","A","2001",13.1856690432287,
"NOR","GGNLEND","TOT","PC_GDP","A","2002",9.05048837282341,
"NOR","GGNLEND","TOT","PC_GDP","A","2003",7.24555804380429,
"NOR","GGNLEND","TOT","PC_GDP","A","2004",10.9231243206297,
"NOR","GGNLEND","TOT","PC_GDP","A","2005",14.8192858313616,
"NOR","GGNLEND","TOT","PC_GDP","A","2006",18.0207573470464,
"NOR","GGNLEND","TOT","PC_GDP","A","2007",17.1130816928439,
"NOR","GGNLEND","TOT","PC_GDP","A","2008",18.6713697103695,
"NOR","GGNLEND","TOT","PC_GDP","A","2009",10.3323546663003,
"NOR","GGNLEND","TOT","PC_GDP","A","2010",10.9938201183697,
"NOR","GGNLEND","TOT","PC_GDP","A","2011",13.4301110075811,
"NOR","GGNLEND","TOT","PC_GDP","A","2012",13.8313785391971,
"NOR","GGNLEND","TOT","PC_GDP","A","2013",10.7729448964828,
"NOR","GGNLEND","TOT","PC_GDP","A","2014",8.74824615902869,
"NOR","GGNLEND","TOT","PC_GDP","A","2015",6.05894713346136,
"NOR","GGNLEND","TOT","PC_GDP","A","2016",3.99405588393061,
"NOR","GGNLEND","TOT","PC_GDP","A","2017",4.44885180445105,
"POL","GGNLEND","TOT","PC_GDP","A","2000",-2.97094911342723,
"POL","GGNLEND","TOT","PC_GDP","A","2001",-4.78336457369092,
"POL","GGNLEND","TOT","PC_GDP","A","2002",-4.8456856373779,
"POL","GGNLEND","TOT","PC_GDP","A","2003",-6.07709857789652,
"POL","GGNLEND","TOT","PC_GDP","A","2004",-5.04382345438995,
"POL","GGNLEND","TOT","PC_GDP","A","2005",-3.96184429986633,
"POL","GGNLEND","TOT","PC_GDP","A","2006",-3.55731410026322,
"POL","GGNLEND","TOT","PC_GDP","A","2007",-1.85297300028208,
"POL","GGNLEND","TOT","PC_GDP","A","2008",-3.60011787858972,
"POL","GGNLEND","TOT","PC_GDP","A","2009",-7.25269055420169,
"POL","GGNLEND","TOT","PC_GDP","A","2010",-7.3421536596605,
"POL","GGNLEND","TOT","PC_GDP","A","2011",-4.82721735178935,
"POL","GGNLEND","TOT","PC_GDP","A","2012",-3.71173880356567,
"POL","GGNLEND","TOT","PC_GDP","A","2013",-4.11287377896608,
"POL","GGNLEND","TOT","PC_GDP","A","2014",-3.62480251708224,
"POL","GGNLEND","TOT","PC_GDP","A","2015",-2.64709412957266,
"POL","GGNLEND","TOT","PC_GDP","A","2016",-2.34827825929744,
"POL","GGNLEND","TOT","PC_GDP","A","2017",-1.66254641588634,
"PRT","GGNLEND","TOT","PC_GDP","A","2000",-3.21490059202684,
"PRT","GGNLEND","TOT","PC_GDP","A","2001",-4.78840437065472,
"PRT","GGNLEND","TOT","PC_GDP","A","2002",-3.34029009906611,
"PRT","GGNLEND","TOT","PC_GDP","A","2003",-4.42158879582304,
"PRT","GGNLEND","TOT","PC_GDP","A","2004",-6.1945279526635,
"PRT","GGNLEND","TOT","PC_GDP","A","2005",-6.19379041973095,
"PRT","GGNLEND","TOT","PC_GDP","A","2006",-4.32756006565224,
"PRT","GGNLEND","TOT","PC_GDP","A","2007",-3.00876143501656,
"PRT","GGNLEND","TOT","PC_GDP","A","2008",-3.76566320264779,
"PRT","GGNLEND","TOT","PC_GDP","A","2009",-9.80552663438705,
"PRT","GGNLEND","TOT","PC_GDP","A","2010",-11.1711387771583,
"PRT","GGNLEND","TOT","PC_GDP","A","2011",-7.38284136960417,
"PRT","GGNLEND","TOT","PC_GDP","A","2012",-5.65866682156956,
"PRT","GGNLEND","TOT","PC_GDP","A","2013",-4.84242355641659,
"PRT","GGNLEND","TOT","PC_GDP","A","2014",-7.16566137941994,
"PRT","GGNLEND","TOT","PC_GDP","A","2015",-4.40343214961787,
"PRT","GGNLEND","TOT","PC_GDP","A","2016",-1.97590350871608,"E"
"PRT","GGNLEND","TOT","PC_GDP","A","2017",-2.95750446513129,"E"
"SVK","GGNLEND","TOT","PC_GDP","A","2000",-12.0234379069257,
"SVK","GGNLEND","TOT","PC_GDP","A","2001",-6.40131502133654,
"SVK","GGNLEND","TOT","PC_GDP","A","2002",-8.08803857054973,
"SVK","GGNLEND","TOT","PC_GDP","A","2003",-2.70301818074847,
"SVK","GGNLEND","TOT","PC_GDP","A","2004",-2.30847234192481,
"SVK","GGNLEND","TOT","PC_GDP","A","2005",-2.88332707991488,
"SVK","GGNLEND","TOT","PC_GDP","A","2006",-3.59197033059735,
"SVK","GGNLEND","TOT","PC_GDP","A","2007",-1.94876344013204,
"SVK","GGNLEND","TOT","PC_GDP","A","2008",-2.42774944900926,
"SVK","GGNLEND","TOT","PC_GDP","A","2009",-7.80420823677893,
"SVK","GGNLEND","TOT","PC_GDP","A","2010",-7.48492156122039,
"SVK","GGNLEND","TOT","PC_GDP","A","2011",-4.27695107005863,
"SVK","GGNLEND","TOT","PC_GDP","A","2012",-4.34488633307169,
"SVK","GGNLEND","TOT","PC_GDP","A","2013",-2.71998847834079,
"SVK","GGNLEND","TOT","PC_GDP","A","2014",-2.70229431952609,
"SVK","GGNLEND","TOT","PC_GDP","A","2015",-2.72617993690793,
"SVK","GGNLEND","TOT","PC_GDP","A","2016",-2.20649598320309,
"SVK","GGNLEND","TOT","PC_GDP","A","2017",-1.04072718927316,
"ESP","GGNLEND","TOT","PC_GDP","A","2000",-1.09957446808511,
"ESP","GGNLEND","TOT","PC_GDP","A","2001",-0.545081826603081,
"ESP","GGNLEND","TOT","PC_GDP","A","2002",-0.411056896680582,
"ESP","GGNLEND","TOT","PC_GDP","A","2003",-0.359315570424358,
"ESP","GGNLEND","TOT","PC_GDP","A","2004",-0.03923753801862,
"ESP","GGNLEND","TOT","PC_GDP","A","2005",1.20958642374641,
"ESP","GGNLEND","TOT","PC_GDP","A","2006",2.1999575385873,
"ESP","GGNLEND","TOT","PC_GDP","A","2007",1.92374771814024,
"ESP","GGNLEND","TOT","PC_GDP","A","2008",-4.42052453582387,
"ESP","GGNLEND","TOT","PC_GDP","A","2009",-10.953503630965,
"ESP","GGNLEND","TOT","PC_GDP","A","2010",-9.38113762622174,
"ESP","GGNLEND","TOT","PC_GDP","A","2011",-9.64212213753294,
"ESP","GGNLEND","TOT","PC_GDP","A","2012",-10.4679197741906,
"ESP","GGNLEND","TOT","PC_GDP","A","2013",-6.98912832592208,
"ESP","GGNLEND","TOT","PC_GDP","A","2014",-5.96847237478561,
"ESP","GGNLEND","TOT","PC_GDP","A","2015",-5.27815792251467,"E"
"ESP","GGNLEND","TOT","PC_GDP","A","2016",-4.50603564346522,"E"
"ESP","GGNLEND","TOT","PC_GDP","A","2017",-3.11370483869027,"E"
"SWE","GGNLEND","TOT","PC_GDP","A","2000",3.22497708327907,
"SWE","GGNLEND","TOT","PC_GDP","A","2001",1.42369447930496,
"SWE","GGNLEND","TOT","PC_GDP","A","2002",-1.45275491891438,
"SWE","GGNLEND","TOT","PC_GDP","A","2003",-1.28222940817481,
"SWE","GGNLEND","TOT","PC_GDP","A","2004",0.351108599825676,
"SWE","GGNLEND","TOT","PC_GDP","A","2005",1.82956862464538,
"SWE","GGNLEND","TOT","PC_GDP","A","2006",2.20604108121085,
"SWE","GGNLEND","TOT","PC_GDP","A","2007",3.35457149157141,
"SWE","GGNLEND","TOT","PC_GDP","A","2008",1.90046106401614,
"SWE","GGNLEND","TOT","PC_GDP","A","2009",-0.716829420263104,
"SWE","GGNLEND","TOT","PC_GDP","A","2010",-0.032301191422485,
"SWE","GGNLEND","TOT","PC_GDP","A","2011",-0.207188307534615,
"SWE","GGNLEND","TOT","PC_GDP","A","2012",-0.981898610508033,
"SWE","GGNLEND","TOT","PC_GDP","A","2013",-1.36496663447314,
"SWE","GGNLEND","TOT","PC_GDP","A","2014",-1.56056634254885,
"SWE","GGNLEND","TOT","PC_GDP","A","2015",0.183172772425748,
"SWE","GGNLEND","TOT","PC_GDP","A","2016",1.18581947610812,
"SWE","GGNLEND","TOT","PC_GDP","A","2017",1.27031702541481,
"CHE","GGNLEND","TOT","PC_GDP","A","2000",0.424522294074099,
"CHE","GGNLEND","TOT","PC_GDP","A","2001",0.279929774725807,
"CHE","GGNLEND","TOT","PC_GDP","A","2002",-1.78452565828338,
"CHE","GGNLEND","TOT","PC_GDP","A","2003",-1.38649706689855,
"CHE","GGNLEND","TOT","PC_GDP","A","2004",-1.42318786529702,
"CHE","GGNLEND","TOT","PC_GDP","A","2005",-0.672993406770409,
"CHE","GGNLEND","TOT","PC_GDP","A","2006",0.855060415652817,
"CHE","GGNLEND","TOT","PC_GDP","A","2007",1.60556575938552,
"CHE","GGNLEND","TOT","PC_GDP","A","2008",1.92866982542124,
"CHE","GGNLEND","TOT","PC_GDP","A","2009",0.503320664531621,
"CHE","GGNLEND","TOT","PC_GDP","A","2010",0.355736787662755,
"CHE","GGNLEND","TOT","PC_GDP","A","2011",0.735030138645497,
"CHE","GGNLEND","TOT","PC_GDP","A","2012",0.382196517041138,
"CHE","GGNLEND","TOT","PC_GDP","A","2013",-0.429222630169087,
"CHE","GGNLEND","TOT","PC_GDP","A","2014",-0.214292263528767,
"CHE","GGNLEND","TOT","PC_GDP","A","2015",0.647653336811515,
"CHE","GGNLEND","TOT","PC_GDP","A","2016",0.33307902050918,
"TUR","GGNLEND","TOT","PC_GDP","A","2009",-6.17397424996408,
"TUR","GGNLEND","TOT","PC_GDP","A","2010",-2.68443535893324,
"TUR","GGNLEND","TOT","PC_GDP","A","2011",-0.74171720256049,
"TUR","GGNLEND","TOT","PC_GDP","A","2012",-0.188460337774721,
"TUR","GGNLEND","TOT","PC_GDP","A","2013",0.205140758038846,
"TUR","GGNLEND","TOT","PC_GDP","A","2014",0.244495830851422,
"TUR","GGNLEND","TOT","PC_GDP","A","2015",1.30945392503861,
"GBR","GGNLEND","TOT","PC_GDP","A","2000",1.3968934866421,
"GBR","GGNLEND","TOT","PC_GDP","A","2001",0.249275830630922,
"GBR","GGNLEND","TOT","PC_GDP","A","2002",-1.86349143388915,
"GBR","GGNLEND","TOT","PC_GDP","A","2003",-3.13267660752717,
"GBR","GGNLEND","TOT","PC_GDP","A","2004",-3.07131336678139,
"GBR","GGNLEND","TOT","PC_GDP","A","2005",-3.14313618285239,
"GBR","GGNLEND","TOT","PC_GDP","A","2006",-2.76144823651204,
"GBR","GGNLEND","TOT","PC_GDP","A","2007",-2.63594446053372,
"GBR","GGNLEND","TOT","PC_GDP","A","2008",-5.17308153366653,
"GBR","GGNLEND","TOT","PC_GDP","A","2009",-10.123070002929,
"GBR","GGNLEND","TOT","PC_GDP","A","2010",-9.41744199073725,
"GBR","GGNLEND","TOT","PC_GDP","A","2011",-7.47176559665627,
"GBR","GGNLEND","TOT","PC_GDP","A","2012",-8.15196783812251,
"GBR","GGNLEND","TOT","PC_GDP","A","2013",-5.40160246132216,
"GBR","GGNLEND","TOT","PC_GDP","A","2014",-5.44826467479051,
"GBR","GGNLEND","TOT","PC_GDP","A","2015",-4.26184270229259,
"GBR","GGNLEND","TOT","PC_GDP","A","2016",-2.97069593151569,
"GBR","GGNLEND","TOT","PC_GDP","A","2017",-1.93140292829246,
"USA","GGNLEND","TOT","PC_GDP","A","2000",0.801932642402914,
"USA","GGNLEND","TOT","PC_GDP","A","2001",-1.36572588662738,
"USA","GGNLEND","TOT","PC_GDP","A","2002",-4.73026953097031,
"USA","GGNLEND","TOT","PC_GDP","A","2003",-5.87898011149655,
"USA","GGNLEND","TOT","PC_GDP","A","2004",-5.43731906207515,
"USA","GGNLEND","TOT","PC_GDP","A","2005",-4.1504381564117,
"USA","GGNLEND","TOT","PC_GDP","A","2006",-2.97076592997865,
"USA","GGNLEND","TOT","PC_GDP","A","2007",-3.54749929805524,
"USA","GGNLEND","TOT","PC_GDP","A","2008",-7.02011239941456,
"USA","GGNLEND","TOT","PC_GDP","A","2009",-12.6738406181012,
"USA","GGNLEND","TOT","PC_GDP","A","2010",-12.0130400393682,
"USA","GGNLEND","TOT","PC_GDP","A","2011",-10.6112118333339,
"USA","GGNLEND","TOT","PC_GDP","A","2012",-8.8561896281574,
"USA","GGNLEND","TOT","PC_GDP","A","2013",-5.3558223617422,
"USA","GGNLEND","TOT","PC_GDP","A","2014",-4.77680558474774,
"USA","GGNLEND","TOT","PC_GDP","A","2015",-4.22279166262433,
"USA","GGNLEND","TOT","PC_GDP","A","2016",-4.9395593701299,
"CHL","GGNLEND","TOT","PC_GDP","A","2003",-0.189104524142558,
"CHL","GGNLEND","TOT","PC_GDP","A","2004",2.76924205546272,
"CHL","GGNLEND","TOT","PC_GDP","A","2005",5.02306771065965,
"CHL","GGNLEND","TOT","PC_GDP","A","2006",7.38366980592907,
"CHL","GGNLEND","TOT","PC_GDP","A","2007",7.73915779556731,
"CHL","GGNLEND","TOT","PC_GDP","A","2008",4.66751101735819,
"CHL","GGNLEND","TOT","PC_GDP","A","2009",-4.04397595174881,
"CHL","GGNLEND","TOT","PC_GDP","A","2010",-0.169286702478715,
"CHL","GGNLEND","TOT","PC_GDP","A","2011",1.28514863105417,
"CHL","GGNLEND","TOT","PC_GDP","A","2012",0.542586918313817,
"CHL","GGNLEND","TOT","PC_GDP","A","2013",-0.715271234060724,
"CHL","GGNLEND","TOT","PC_GDP","A","2014",-1.66624221423633,
"CHL","GGNLEND","TOT","PC_GDP","A","2015",-2.2526230023595,
"CHN","GGNLEND","TOT","PC_GDP","A","2000",-7.8003381327549,
"CHN","GGNLEND","TOT","PC_GDP","A","2001",-6.90731056459533,
"CHN","GGNLEND","TOT","PC_GDP","A","2002",-4.63650971241421,
"CHN","GGNLEND","TOT","PC_GDP","A","2003",-3.70129883833036,
"CHN","GGNLEND","TOT","PC_GDP","A","2004",-0.908081158594999,
"CHN","GGNLEND","TOT","PC_GDP","A","2005",-0.474570371703016,
"CHN","GGNLEND","TOT","PC_GDP","A","2006",0.822007189532446,
"CHN","GGNLEND","TOT","PC_GDP","A","2007",2.94232069323179,
"CHN","GGNLEND","TOT","PC_GDP","A","2008",1.2643954261381,
"CHN","GGNLEND","TOT","PC_GDP","A","2009",0.134916967926418,
"CHN","GGNLEND","TOT","PC_GDP","A","2010",1.47560599124069,
"CHN","GGNLEND","TOT","PC_GDP","A","2011",1.53473559207176,
"CHN","GGNLEND","TOT","PC_GDP","A","2012",1.26676028568191,
"CHN","GGNLEND","TOT","PC_GDP","A","2013",0.755234307870275,
"CHN","GGNLEND","TOT","PC_GDP","A","2014",0.844175320418579,
"CHN","GGNLEND","TOT","PC_GDP","A","2015",-0.876593668251506,
"EST","GGNLEND","TOT","PC_GDP","A","2000",-0.06806280329879,
"EST","GGNLEND","TOT","PC_GDP","A","2001",0.199244093709858,
"EST","GGNLEND","TOT","PC_GDP","A","2002",0.420641471297356,
"EST","GGNLEND","TOT","PC_GDP","A","2003",1.80275849377989,
"EST","GGNLEND","TOT","PC_GDP","A","2004",2.38883594671711,
"EST","GGNLEND","TOT","PC_GDP","A","2005",1.12321683334257,
"EST","GGNLEND","TOT","PC_GDP","A","2006",2.9064380968806,
"EST","GGNLEND","TOT","PC_GDP","A","2007",2.71691004380399,
"EST","GGNLEND","TOT","PC_GDP","A","2008",-2.66630008471254,
"EST","GGNLEND","TOT","PC_GDP","A","2009",-2.18367712027096,
"EST","GGNLEND","TOT","PC_GDP","A","2010",0.187544170984129,
"EST","GGNLEND","TOT","PC_GDP","A","2011",1.15853277266027,
"EST","GGNLEND","TOT","PC_GDP","A","2012",-0.257598424496812,
"EST","GGNLEND","TOT","PC_GDP","A","2013",-0.170079905388246,
"EST","GGNLEND","TOT","PC_GDP","A","2014",0.67792137569067,
"EST","GGNLEND","TOT","PC_GDP","A","2015",0.070278216716298,
"EST","GGNLEND","TOT","PC_GDP","A","2016",-0.290070924853179,
"EST","GGNLEND","TOT","PC_GDP","A","2017",-0.287362578085238,
"ISR","GGNLEND","TOT","PC_GDP","A","2000",-3.2272935707983,
"ISR","GGNLEND","TOT","PC_GDP","A","2001",-5.61409426205385,
"ISR","GGNLEND","TOT","PC_GDP","A","2002",-6.78368778578122,
"ISR","GGNLEND","TOT","PC_GDP","A","2003",-7.6440215357218,
"ISR","GGNLEND","TOT","PC_GDP","A","2004",-5.18959185180806,
"ISR","GGNLEND","TOT","PC_GDP","A","2005",-4.05750923777687,
"ISR","GGNLEND","TOT","PC_GDP","A","2006",-1.73476202053153,
"ISR","GGNLEND","TOT","PC_GDP","A","2007",-0.6802742430758,
"ISR","GGNLEND","TOT","PC_GDP","A","2008",-2.76957587725089,
"ISR","GGNLEND","TOT","PC_GDP","A","2009",-5.66276873455405,
"ISR","GGNLEND","TOT","PC_GDP","A","2010",-3.67979045419138,
"ISR","GGNLEND","TOT","PC_GDP","A","2011",-2.9308205695896,
"ISR","GGNLEND","TOT","PC_GDP","A","2012",-4.79144889124121,
"ISR","GGNLEND","TOT","PC_GDP","A","2013",-4.13814393715519,
"ISR","GGNLEND","TOT","PC_GDP","A","2014",-3.34721914875003,
"ISR","GGNLEND","TOT","PC_GDP","A","2015",-2.10688362858394,
"ISR","GGNLEND","TOT","PC_GDP","A","2016",-2.11106442276731,
"RUS","GGNLEND","TOT","PC_GDP","A","2011",3.15429606048918,
"RUS","GGNLEND","TOT","PC_GDP","A","2012",1.95371780543412,
"RUS","GGNLEND","TOT","PC_GDP","A","2013",-0.194973194993958,
"RUS","GGNLEND","TOT","PC_GDP","A","2014",-2.33047385425279,
"RUS","GGNLEND","TOT","PC_GDP","A","2015",-1.46793794486706,
"SVN","GGNLEND","TOT","PC_GDP","A","2000",-3.6395670482816,
"SVN","GGNLEND","TOT","PC_GDP","A","2001",-3.88272115452287,
"SVN","GGNLEND","TOT","PC_GDP","A","2002",-2.40343038615522,
"SVN","GGNLEND","TOT","PC_GDP","A","2003",-2.61868076233875,
"SVN","GGNLEND","TOT","PC_GDP","A","2004",-1.96478850423284,
"SVN","GGNLEND","TOT","PC_GDP","A","2005",-1.33289529627464,
"SVN","GGNLEND","TOT","PC_GDP","A","2006",-1.20432707717169,
"SVN","GGNLEND","TOT","PC_GDP","A","2007",-0.081075104367393,
"SVN","GGNLEND","TOT","PC_GDP","A","2008",-1.4131572702247,
"SVN","GGNLEND","TOT","PC_GDP","A","2009",-5.8406187236834,
"SVN","GGNLEND","TOT","PC_GDP","A","2010",-5.63490481055454,
"SVN","GGNLEND","TOT","PC_GDP","A","2011",-6.67191547850203,
"SVN","GGNLEND","TOT","PC_GDP","A","2012",-4.04356460555443,
"SVN","GGNLEND","TOT","PC_GDP","A","2013",-14.6786074075451,
"SVN","GGNLEND","TOT","PC_GDP","A","2014",-5.51518465244199,
"SVN","GGNLEND","TOT","PC_GDP","A","2015",-2.85552589945866,
"SVN","GGNLEND","TOT","PC_GDP","A","2016",-1.9317809495406,
"SVN","GGNLEND","TOT","PC_GDP","A","2017",0.030985672597581,
"ZAF","GGNLEND","TOT","PC_GDP","A","2008",-1.73786007379289,
"ZAF","GGNLEND","TOT","PC_GDP","A","2009",-3.85420450879439,
"ZAF","GGNLEND","TOT","PC_GDP","A","2010",-3.14089294097961,
"ZAF","GGNLEND","TOT","PC_GDP","A","2011",-2.95602167052012,
"ZAF","GGNLEND","TOT","PC_GDP","A","2012",-3.18680822704388,
"ZAF","GGNLEND","TOT","PC_GDP","A","2013",-3.27194125284142,
"ZAF","GGNLEND","TOT","PC_GDP","A","2014",-4.06330606195009,
"EA","GGNLEND","TOT","PC_GDP","A","2000",-0.272346287666209,
"EA","GGNLEND","TOT","PC_GDP","A","2001",-2.02823532861069,
"EA","GGNLEND","TOT","PC_GDP","A","2002",-2.71691187687699,
"EA","GGNLEND","TOT","PC_GDP","A","2003",-3.19147198317104,
"EA","GGNLEND","TOT","PC_GDP","A","2004",-2.95670751649148,
"EA","GGNLEND","TOT","PC_GDP","A","2005",-2.59110339231423,
"EA","GGNLEND","TOT","PC_GDP","A","2006",-1.48827381886465,
"EA","GGNLEND","TOT","PC_GDP","A","2007",-0.646511479519248,
"EA","GGNLEND","TOT","PC_GDP","A","2008",-2.16020167164603,
"EA","GGNLEND","TOT","PC_GDP","A","2009",-6.25907021462347,
"EA","GGNLEND","TOT","PC_GDP","A","2010",-6.1740192940061,
"EA","GGNLEND","TOT","PC_GDP","A","2011",-4.22186696183871,
"EA","GGNLEND","TOT","PC_GDP","A","2012",-3.64042931540077,
"EA","GGNLEND","TOT","PC_GDP","A","2013",-3.01199471728132,
"EA","GGNLEND","TOT","PC_GDP","A","2014",-2.57331311995365,
"EA","GGNLEND","TOT","PC_GDP","A","2015",-2.06606866427353,"E"
"EA","GGNLEND","TOT","PC_GDP","A","2016",-1.54541663438923,"E"
"EU","GGNLEND","TOT","PC_GDP","A","2001",-1.55599507503386,
"EU","GGNLEND","TOT","PC_GDP","A","2002",-2.58925424262317,
"EU","GGNLEND","TOT","PC_GDP","A","2003",-3.18402934404848,
"EU","GGNLEND","TOT","PC_GDP","A","2004",-2.84439896951672,
"EU","GGNLEND","TOT","PC_GDP","A","2005",-2.50477111417234,
"EU","GGNLEND","TOT","PC_GDP","A","2006",-1.61164098421643,
"EU","GGNLEND","TOT","PC_GDP","A","2007",-0.868616380173845,
"EU","GGNLEND","TOT","PC_GDP","A","2008",-2.4879698810958,
"EU","GGNLEND","TOT","PC_GDP","A","2009",-6.61461197468491,
"EU","GGNLEND","TOT","PC_GDP","A","2010",-6.39989671830206,
"EU","GGNLEND","TOT","PC_GDP","A","2011",-4.55502846267848,
"EU","GGNLEND","TOT","PC_GDP","A","2012",-4.26654023305198,
"EU","GGNLEND","TOT","PC_GDP","A","2013",-3.29754132667654,
"EU","GGNLEND","TOT","PC_GDP","A","2014",-2.91059586354778,
"EU","GGNLEND","TOT","PC_GDP","A","2015",-2.33611401957749,
"EU","GGNLEND","TOT","PC_GDP","A","2016",-1.62180645568518,"E"
"EU","GGNLEND","TOT","PC_GDP","A","2017",-0.956436736138242,"E"
"NZL","GGNLEND","TOT","PC_GDP","A","2000",1.68655532980658,
"NZL","GGNLEND","TOT","PC_GDP","A","2001",1.3735065761594,
"NZL","GGNLEND","TOT","PC_GDP","A","2002",3.31678723455811,
"NZL","GGNLEND","TOT","PC_GDP","A","2003",3.44060684812022,
"NZL","GGNLEND","TOT","PC_GDP","A","2004",3.88766240765248,
"NZL","GGNLEND","TOT","PC_GDP","A","2005",4.53041461047658,
"NZL","GGNLEND","TOT","PC_GDP","A","2006",5.08438008505587,
"NZL","GGNLEND","TOT","PC_GDP","A","2007",4.24016945845,
"NZL","GGNLEND","TOT","PC_GDP","A","2008",0.462647187248161,
"NZL","GGNLEND","TOT","PC_GDP","A","2009",-2.81517878673276,
"NZL","GGNLEND","TOT","PC_GDP","A","2010",-7.1627400313267,
"NZL","GGNLEND","TOT","PC_GDP","A","2011",-4.05434916707017,
"NZL","GGNLEND","TOT","PC_GDP","A","2012",-2.18484938524122,
"NZL","GGNLEND","TOT","PC_GDP","A","2013",-0.368497705758022,
"NZL","GGNLEND","TOT","PC_GDP","A","2014",0.184309623655914,
"NZL","GGNLEND","TOT","PC_GDP","A","2015",0.209367265279051,
"NZL","GGNLEND","TOT","PC_GDP","A","2016",1.18477679229462,"E"
"BRA","GGNLEND","TOT","PC_GDP","A","2010",-2.95999816770964,
"BRA","GGNLEND","TOT","PC_GDP","A","2011",-2.53894655448268,
"BRA","GGNLEND","TOT","PC_GDP","A","2012",-2.317914080868,
"BRA","GGNLEND","TOT","PC_GDP","A","2013",-3.30893861695669,
"BRA","GGNLEND","TOT","PC_GDP","A","2014",-5.87713725998464,
"LVA","GGNLEND","TOT","PC_GDP","A","2000",-2.73083488776965,
"LVA","GGNLEND","TOT","PC_GDP","A","2001",-1.94822707850655,
"LVA","GGNLEND","TOT","PC_GDP","A","2002",-2.28211097945112,
"LVA","GGNLEND","TOT","PC_GDP","A","2003",-1.45519814342636,
"LVA","GGNLEND","TOT","PC_GDP","A","2004",-0.919019485674917,
"LVA","GGNLEND","TOT","PC_GDP","A","2005",-0.364265315175912,
"LVA","GGNLEND","TOT","PC_GDP","A","2006",-0.487783342801117,
"LVA","GGNLEND","TOT","PC_GDP","A","2007",-0.512659053445127,
"LVA","GGNLEND","TOT","PC_GDP","A","2008",-4.20426315133504,
"LVA","GGNLEND","TOT","PC_GDP","A","2009",-9.126877072235,
"LVA","GGNLEND","TOT","PC_GDP","A","2010",-8.68586428909858,
"LVA","GGNLEND","TOT","PC_GDP","A","2011",-4.30670488609899,
"LVA","GGNLEND","TOT","PC_GDP","A","2012",-1.20563221144411,
"LVA","GGNLEND","TOT","PC_GDP","A","2013",-1.15914677528729,
"LVA","GGNLEND","TOT","PC_GDP","A","2014",-1.48885415008779,
"LVA","GGNLEND","TOT","PC_GDP","A","2015",-1.36013812973873,
"LVA","GGNLEND","TOT","PC_GDP","A","2016",0.062666452750197,
"LVA","GGNLEND","TOT","PC_GDP","A","2017",-0.488185417669602,
"COL","GGNLEND","TOT","PC_GDP","A","2000",-5.25389510432502,
"COL","GGNLEND","TOT","PC_GDP","A","2001",-4.77615773231024,
"COL","GGNLEND","TOT","PC_GDP","A","2002",-4.08848742270395,
"COL","GGNLEND","TOT","PC_GDP","A","2003",-3.04430042776625,
"COL","GGNLEND","TOT","PC_GDP","A","2004",-3.48028671505904,
"COL","GGNLEND","TOT","PC_GDP","A","2005",-3.33200061148414,
"COL","GGNLEND","TOT","PC_GDP","A","2006",-1.9080589114817,
"COL","GGNLEND","TOT","PC_GDP","A","2007",-1.58001447554005,
"COL","GGNLEND","TOT","PC_GDP","A","2008",-1.86591180348562,
"COL","GGNLEND","TOT","PC_GDP","A","2009",-1.01219268122073,
"COL","GGNLEND","TOT","PC_GDP","A","2010",-2.18232267251947,
"COL","GGNLEND","TOT","PC_GDP","A","2011",-0.974037496733312,
"COL","GGNLEND","TOT","PC_GDP","A","2012",-0.620257738166928,
"COL","GGNLEND","TOT","PC_GDP","A","2013",-2.35961587452164,
"COL","GGNLEND","TOT","PC_GDP","A","2014",-3.17423206725975,
"COL","GGNLEND","TOT","PC_GDP","A","2015",-3.20838421042096,
"CRI","GGNLEND","TOT","PC_GDP","A","2000",-0.936385613185136,
"CRI","GGNLEND","TOT","PC_GDP","A","2001",-1.49285239654021,
"CRI","GGNLEND","TOT","PC_GDP","A","2002",-2.24819501701834,
"CRI","GGNLEND","TOT","PC_GDP","A","2003",-1.18243235918004,
"CRI","GGNLEND","TOT","PC_GDP","A","2004",-1.38692452786579,
"CRI","GGNLEND","TOT","PC_GDP","A","2005",-2.27250962252127,
"CRI","GGNLEND","TOT","PC_GDP","A","2006",0.149106884485816,
"CRI","GGNLEND","TOT","PC_GDP","A","2007",1.22430048544164,
"CRI","GGNLEND","TOT","PC_GDP","A","2008",-1.50078688660338,
"CRI","GGNLEND","TOT","PC_GDP","A","2009",-2.85026642815518,
"CRI","GGNLEND","TOT","PC_GDP","A","2010",-5.92228178915563,
"CRI","GGNLEND","TOT","PC_GDP","A","2011",-4.80945119340357,
"CRI","GGNLEND","TOT","PC_GDP","A","2012",-1.75951168072477,
"CRI","GGNLEND","TOT","PC_GDP","A","2013",-2.67755544221401,
"CRI","GGNLEND","TOT","PC_GDP","A","2014",-1.45036526602179,
"CRI","GGNLEND","TOT","PC_GDP","A","2015",-2.51084676970465,
"CRI","GGNLEND","TOT","PC_GDP","A","2016",-2.985344529286,
"LTU","GGNLEND","TOT","PC_GDP","A","2000",-3.18471655770402,
"LTU","GGNLEND","TOT","PC_GDP","A","2001",-3.52677090231328,
"LTU","GGNLEND","TOT","PC_GDP","A","2002",-1.85501851052944,
"LTU","GGNLEND","TOT","PC_GDP","A","2003",-1.26422743774751,
"LTU","GGNLEND","TOT","PC_GDP","A","2004",-1.39220756283308,
"LTU","GGNLEND","TOT","PC_GDP","A","2005",-0.343064781613356,
"LTU","GGNLEND","TOT","PC_GDP","A","2006",-0.272093340697592,
"LTU","GGNLEND","TOT","PC_GDP","A","2007",-0.815325603088308,
"LTU","GGNLEND","TOT","PC_GDP","A","2008",-3.08303240320136,
"LTU","GGNLEND","TOT","PC_GDP","A","2009",-9.10564525676498,
"LTU","GGNLEND","TOT","PC_GDP","A","2010",-6.9007240808504,
"LTU","GGNLEND","TOT","PC_GDP","A","2011",-8.93974538537902,
"LTU","GGNLEND","TOT","PC_GDP","A","2012",-3.14549527694675,
"LTU","GGNLEND","TOT","PC_GDP","A","2013",-2.60992031490391,
"LTU","GGNLEND","TOT","PC_GDP","A","2014",-0.617362370060254,
"LTU","GGNLEND","TOT","PC_GDP","A","2015",-0.244772372127541,
"LTU","GGNLEND","TOT","PC_GDP","A","2016",0.26636791025982,
"LTU","GGNLEND","TOT","PC_GDP","A","2017",0.52846557456769,
"IDN","GGNLEND","TOT","PC_GDP","A","2010",-0.339626151567486,
"IDN","GGNLEND","TOT","PC_GDP","A","2011",-1.03515876885887,
"IDN","GGNLEND","TOT","PC_GDP","A","2012",-1.3433653733946,
"IDN","GGNLEND","TOT","PC_GDP","A","2013",-2.07386083219657,
"IDN","GGNLEND","TOT","PC_GDP","A","2014",-1.85832158503038,
"IDN","GGNLEND","TOT","PC_GDP","A","2015",-2.7738280206433,
"IDN","GGNLEND","TOT","PC_GDP","A","2016",-2.40408423585306,
